{
    "data": [
        {
            "titulo": "Prowler in the Yard",
            "ano": 2001,
            "banda": "Pig Destroyer",
            "n_faixas": 22,
            "imagem": "https://th.bing.com/th/id/OIP.2h72y7LFQjh0zeMyDxdA4AHaHc?pid=ImgDet&rs=1"
        },
        {
            "titulo": "Hybrid Theory",
            "ano": 2000,
            "banda": "Linkin Park",
            "n_faixas": 37,
            "imagem": "https://th.bing.com/th/id/R1381db8f0b046e5335d29aa2122936e4?rik=%2b2CTNpAXc0IWMQ&riu=http%3a%2f%2f2.bp.blogspot.com%2f--PrbpuGe3d0%2fTcevQEbsnuI%2fAAAAAAAAAIE%2ffSXvxJ3slrk%2fs1600%2fhybrid%2btheory%2blinkin%2bpark.jpg&ehk=PjupBP1Y3Di%2fRJtvESQP17vrK9R8eGcz2C90nLxImrM%3d&risl=&pid=ImgRaw"
        },
        {
            "titulo": "Inhale/Exhale",
            "ano": 1998,
            "banda": "Nasum",
            "n_faixas": 38,
            "imagem": "https://th.bing.com/th/id/OIP.NyEFREI8nl3vawRzrpomNgHaHa?pid=ImgDet&rs=1"
        },
        {
            "titulo": "Heart Vs Mind",
            "ano": 2014,
            "banda": "I Prevail",
            "n_faixas": 8,
            "imagem": "https://th.bing.com/th/id/OIP.jQ8aYKCqdpEq8lCVRWdQmQHaHa?pid=ImgDet&rs=1"
        },
        {
            "titulo": "Creatures",
            "ano": 2011,
            "banda": "Motionless in White",
            "n_faixas": 12,
            "imagem": "https://th.bing.com/th/id/R8597783bb9599767377f0240a42c4f68?rik=G2jgE5%2fi2OTWSw&riu=http%3a%2f%2f4.bp.blogspot.com%2f_bwn6pRBF-gQ%2fTLnPLnWJ4gI%2fAAAAAAAAAAc%2fHPGFzdQzK2o%2fs1600%2fMotionless%2bIn%2bWhite%2b-%2bCover..jpg&ehk=rAKjOrirq67cskH2fvQgnml3EmVpA6bSdLLwPBT0iw0%3d&risl=&pid=ImgRaw"
        },
        {
            "titulo": "Vulgar Display Of Power",
            "ano": 1992,
            "banda": "Pantera",
            "n_faixas": 11,
            "imagem": "https://th.bing.com/th/id/R81340a4a199f15db8cb46ff0292b6123?rik=5BR%2bHxThkasw2g&riu=http%3a%2f%2fstatic.stereogum.com%2fuploads%2f2012%2f02%2fPantera-Vulgar-Display-Of-Power.jpg&ehk=1ozI0yZCbAQbd0Gy%2f5nhHrYbMZTcA0jn%2bpsIXGMza%2bc%3d&risl=&pid=ImgRaw"
        }
    ]
}