{
    "data": [
        {
            "nome": "Pig Destroyer",
            "n_membros": 5,
            "ano_formacao": 1997,
            "website": "pigdestroyer.band"
        },
        {
            "nome": "Linkin Park",
            "n_membros": 5,
            "ano_formacao": 1996,
            "website": "linkinpark.com"
        },
        {
            "nome": "Nasum",
            "n_membros": 4,
            "ano_formacao": 1992,
            "website": null
        },
        {
            "nome": "I Prevail",
            "n_membros": 5,
            "ano_formacao": 2013,
            "website": "iprevailband.com"
        },
        {
            "nome": "Motionless in White",
            "n_membros": 5,
            "ano_formacao": 2005,
            "website": "www.motionlessinwhite.net"
        },
        {
            "nome": "Pantera",
            "n_membros": 4,
            "ano_formacao": 1981,
            "website": "pantera.com"
        }
    ]
}