{
    "data": [
        {
            "nome": "Hyperviolet",
            "duracao": "209 segundos",
            "letra": "https://genius.com/Pig-destroyer-the-cavalry-lyrics",
            "album": "Prowler in the Yard",
            "banda": "Pig Destroyer"
        },
        {
            "nome": "Evacuating Heaven",
            "duracao": "17 segundos",
            "letra": "https://genius.com/Pig-destroyer-evacuating-heaven-lyrics",
            "album": "Prowler in the Yard",
            "banda": "Pig Destroyer"
        },
        {
            "nome": "Papercut",
            "duracao": "185 segundos",
            "letra": "https://genius.com/Linkin-park-papercut-lyrics",
            "album": "Hybrid Theory",
            "banda": "Linkin Park"
        },
        {
            "nome": "In the End",
            "duracao": "218 segundos",
            "letra": "https://genius.com/Linkin-park-in-the-end-lyrics",
            "album": "Hybrid Theory",
            "banda": "Linkin Park"
        },
        {
            "nome": "Disappointed",
            "duracao": "70 segundos",
            "letra": "https://genius.com/Nasum-disappointed-lyrics",
            "album": "Inhale/Exhale",
            "banda": "Nasum"
        },
        {
            "nome": "I See Lies",
            "duracao": "71 segundos",
            "letra": "https://genius.com/Nasum-i-see-lies-lyrics",
            "album": "Inhale/Exhale",
            "banda": "Nasum"
        },
        {
            "nome": "Crossroads",
            "duracao": "210 segundos",
            "letra": "https://genius.com/I-prevail-crossroads-lyrics",
            "album": "Heart Vs Mind",
            "banda": "I Prevail"
        },
        {
            "nome": "Deceivers",
            "duracao": "274 segundos",
            "letra": "https://genius.com/I-prevail-deceivers-lyrics",
            "album": "Heart Vs Mind",
            "banda": "I Prevail"
        },
        {
            "nome": "Abigail",
            "duracao": "173 segundos",
            "letra": "https://genius.com/Motionless-in-white-abigail-lyrics",
            "album": "Creatures",
            "banda": "Motionless in White"
        },
        {
            "nome": "City Lights",
            "duracao": "188 segundos",
            "letra": "https://genius.com/Motionless-in-white-city-lights-lyrics",
            "album": "Creatures",
            "banda": "Motionless in White"
        },
        {
            "nome": "A New Level",
            "duracao": "238 segundos",
            "letra": "https://genius.com/Pantera-a-new-level-lyrics",
            "album": "Vulgar Display Of Power",
            "banda": "Pantera"
        },
        {
            "nome": "Walk",
            "duracao": "316 segundos",
            "letra": "https://genius.com/Pantera-walk-lyrics",
            "album": "Vulgar Display Of Power",
            "banda": "Pantera"
        }
    ]
}