{
    "data": [
        {
            "nome": "J.R. Hayes",
            "nacionalidade": "Estaduniense",
            "banda": "Pig Destroyer",
            "posicao": "Vocalista",
            "ano_entrada": 1997
        },
        {
            "nome": "Scott Hull",
            "nacionalidade": "Estaduniense",
            "banda": "Pig Destroyer",
            "posicao": "Guitarrista",
            "ano_entrada": 1997
        },
        {
            "nome": "Blake Harrison",
            "nacionalidade": "Estaduniense",
            "banda": "Pig Destroyer",
            "posicao": "DJ",
            "ano_entrada": 2006
        },
        {
            "nome": "Adam Jarvis",
            "nacionalidade": "Estaduniense",
            "banda": "Pig Destroyer",
            "posicao": "Baterista",
            "ano_entrada": 2011
        },
        {
            "nome": "Travis Stone",
            "nacionalidade": "Estaduniense",
            "banda": "Pig Destroyer",
            "posicao": "Baixista",
            "ano_entrada": 2019
        },
        {
            "nome": "Mike Shinoda",
            "nacionalidade": "Estaduniense",
            "banda": "Linkin Park",
            "posicao": "Vocalista",
            "ano_entrada": 1996
        },
        {
            "nome": "Joe Hahn",
            "nacionalidade": "Estaduniense",
            "banda": "Linkin Park",
            "posicao": "DJ",
            "ano_entrada": 1996
        },
        {
            "nome": "Brad Delson",
            "nacionalidade": "Estaduniense",
            "banda": "Linkin Park",
            "posicao": "Guitarrista",
            "ano_entrada": 1996
        },
        {
            "nome": "Rob Bourdon",
            "nacionalidade": "Estaduniense",
            "banda": "Linkin Park",
            "posicao": "Baterista",
            "ano_entrada": 1996
        },
        {
            "nome": "Dave Farrell",
            "nacionalidade": "Estaduniense",
            "banda": "Linkin Park",
            "posicao": "Baixista",
            "ano_entrada": 1996
        },
        {
            "nome": "Mieszko Talarczyk",
            "nacionalidade": "Polaco",
            "banda": "Nasum",
            "posicao": "Vocalista",
            "ano_entrada": 1993
        },
        {
            "nome": "Anders Jakobson",
            "nacionalidade": "Sueco",
            "banda": "Nasum",
            "posicao": "Baterista",
            "ano_entrada": 1992
        },
        {
            "nome": "Urban Skytt",
            "nacionalidade": "Sueco",
            "banda": "Nasum",
            "posicao": "Guitarrista",
            "ano_entrada": 2003
        },
        {
            "nome": "Jon Lindqvist",
            "nacionalidade": "Sueco",
            "banda": "Nasum",
            "posicao": "Baixista",
            "ano_entrada": 2003
        },
        {
            "nome": "Brian Burkheiser",
            "nacionalidade": "Estaduniense",
            "banda": "I Prevail",
            "posicao": "Vocalista",
            "ano_entrada": 2013
        },
        {
            "nome": "Eric Vanlerberghe",
            "nacionalidade": "Estaduniense",
            "banda": "I Prevail",
            "posicao": "Vocalista",
            "ano_entrada": 2013
        },
        {
            "nome": "Steve Menoian",
            "nacionalidade": "Estaduniense",
            "banda": "I Prevail",
            "posicao": "Baixista",
            "ano_entrada": 2013
        },
        {
            "nome": "Dylan Bowman",
            "nacionalidade": "Estaduniense",
            "banda": "I Prevail",
            "posicao": "Guitarrista",
            "ano_entrada": 2015
        },
        {
            "nome": "Gabe Helguera",
            "nacionalidade": "Estaduniense",
            "banda": "I Prevail",
            "posicao": "Baterista",
            "ano_entrada": 2019
        },
        {
            "nome": "Chris Motionless Cerulli",
            "nacionalidade": "Estaduniense",
            "banda": "Motionless in White",
            "posicao": "Vocalista",
            "ano_entrada": 2005
        },
        {
            "nome": "Ryan Sitkowski",
            "nacionalidade": "Estaduniense",
            "banda": "Motionless in White",
            "posicao": "Guitarrista",
            "ano_entrada": 2008
        },
        {
            "nome": "Ricky Horror Olson",
            "nacionalidade": "Estaduniense",
            "banda": "Motionless in White",
            "posicao": "Guitarrista",
            "ano_entrada": 2009
        },
        {
            "nome": "Vinny Mauro",
            "nacionalidade": "Estaduniense",
            "banda": "Motionless in White",
            "posicao": "Baterista",
            "ano_entrada": 2015
        },
        {
            "nome": "Justin Morrow",
            "nacionalidade": "Estaduniense",
            "banda": "Motionless in White",
            "posicao": "Baixista",
            "ano_entrada": 2019
        },
        {
            "nome": "Phil Anselmo",
            "nacionalidade": "Estaduniense",
            "banda": "Pantera",
            "posicao": "Vocalista",
            "ano_entrada": 1985
        },
        {
            "nome": "Dimebag Darrell",
            "nacionalidade": "Estaduniense",
            "banda": "Pantera",
            "posicao": "Guitarrista",
            "ano_entrada": 1981
        },
        {
            "nome": "Rex Brown",
            "nacionalidade": "Estaduniense",
            "banda": "Pantera",
            "posicao": "Baixista",
            "ano_entrada": 1982
        },
        {
            "nome": "Vinnie Paul",
            "nacionalidade": "Estaduniense",
            "banda": "Pantera",
            "posicao": "Baterista",
            "ano_entrada": 1981
        }
    ]
}